img,name
villagers_01.png,사지마
villagers_02.png,퍼머거
villagers_03.png,패트라
villagers_04.png,아롱이
villagers_05.png,스누티
villagers_06.png,설백
villagers_07.png,안토니오
villagers_08.png,병태
villagers_09.png,링링
villagers_10.png,뚝심
villagers_100.png,앨리
villagers_101.png,용남이
villagers_102.png,솔미
villagers_103.png,록키
villagers_104.png,넬슨
villagers_105.png,브루스
villagers_106.png,나디아
villagers_107.png,톰슨
villagers_108.png,제시카
villagers_109.png,피터
villagers_11.png,츄양
villagers_110.png,나탈리
villagers_111.png,자끄
villagers_112.png,카라멜
villagers_113.png,존
villagers_114.png,럭키
villagers_115.png,로빈
villagers_116.png,토미
villagers_117.png,블랜더
villagers_118.png,벤
villagers_119.png,바닐라
villagers_12.png,박하스
villagers_120.png,베리
villagers_121.png,마롱
villagers_122.png,베이글
villagers_123.png,챔프
villagers_124.png,에드워드
villagers_125.png,땡칠이
villagers_126.png,한나
villagers_127.png,밥
villagers_128.png,코코아
villagers_129.png,리처드
villagers_13.png,거무틱
villagers_130.png,나키
villagers_131.png,앤
villagers_132.png,마리모
villagers_133.png,주디
villagers_134.png,스미모
villagers_135.png,다랑어
villagers_136.png,봉
villagers_137.png,푸아그라
villagers_138.png,지키미
villagers_139.png,아잠만
villagers_14.png,연유
villagers_140.png,미란다
villagers_141.png,케첩
villagers_142.png,마릴린
villagers_143.png,귀오미
villagers_144.png,덕근
villagers_145.png,오팔
villagers_146.png,휴지
villagers_147.png,3호
villagers_148.png,엘레핀
villagers_149.png,샐리
villagers_15.png,네이아
villagers_150.png,파올로
villagers_151.png,엑스엘리
villagers_152.png,에끌레르
villagers_153.png,맘모
villagers_154.png,티나
villagers_155.png,펑크스
villagers_156.png,레이니
villagers_157.png,철컥
villagers_158.png,구리구리
villagers_159.png,충성
villagers_16.png,무뚝
villagers_160.png,덕
villagers_161.png,샘
villagers_162.png,가위
villagers_163.png,드리미
villagers_164.png,텀보
villagers_165.png,왕서방
villagers_166.png,스트로
villagers_167.png,카일
villagers_168.png,에스메랄다
villagers_169.png,개군
villagers_17.png,레이첼
villagers_170.png,린다
villagers_171.png,투투
villagers_172.png,아이다
villagers_173.png,헨리
villagers_174.png,윤이
villagers_175.png,순이
villagers_176.png,힘드러
villagers_177.png,빌리
villagers_178.png,벨마
villagers_179.png,염두리
villagers_18.png,대공
villagers_180.png,바바라
villagers_181.png,래미
villagers_182.png,앨런
villagers_183.png,덤벨
villagers_184.png,만복이
villagers_185.png,머슬
villagers_186.png,보이드
villagers_187.png,줌마
villagers_188.png,우락
villagers_189.png,4호
villagers_19.png,챠미
villagers_190.png,스나일
villagers_192.png,햄스틴
villagers_193.png,애플
villagers_194.png,글라햄
villagers_195.png,지미
villagers_196.png,샨티
villagers_197.png,햄둥
villagers_198.png,뽀야미
villagers_199.png,햄쥐
villagers_20.png,베어드
villagers_203.png,곤잘레스
villagers_204.png,차코
villagers_205.png,베티
villagers_206.png,가브리엘
villagers_207.png,비티
villagers_208.png,올리버
villagers_209.png,데이빗
villagers_21.png,곰도로스
villagers_210.png,바야시코프
villagers_211.png,센트엘로
villagers_212.png,사반나
villagers_213.png,샤브렌
villagers_214.png,슈베르트
villagers_215.png,카로틴
villagers_216.png,꺼벙
villagers_217.png,아이소토프
villagers_218.png,말자
villagers_219.png,실부플레
villagers_22.png,캔디
villagers_220.png,마철이
villagers_221.png,안소니
villagers_222.png,마사마
villagers_223.png,유니오
villagers_224.png,리아나
villagers_225.png,유카리
villagers_226.png,멜버른
villagers_227.png,아델레이드
villagers_228.png,시드니
villagers_229.png,근성
villagers_23.png,참돌이
villagers_230.png,동동이
villagers_231.png,캔버라
villagers_232.png,오즈먼드
villagers_233.png,코알
villagers_234.png,애플리케
villagers_235.png,안젤라
villagers_236.png,마미
villagers_237.png,펑키맘
villagers_238.png,실비아
villagers_239.png,관록
villagers_24.png,파틱
villagers_240.png,마이크
villagers_241.png,마리아
villagers_242.png,선글
villagers_243.png,킹
villagers_244.png,렉스
villagers_245.png,티처
villagers_246.png,릭
villagers_247.png,아더
villagers_248.png,라이오넬
villagers_249.png,키키
villagers_25.png,안쵸비
villagers_250.png,시몬
villagers_251.png,에이프릴
villagers_252.png,몽티
villagers_253.png,몽자
villagers_254.png,원승
villagers_255.png,젤리
villagers_256.png,델리
villagers_257.png,티미
villagers_258.png,단무지
villagers_259.png,이자벨
villagers_26.png,핀틱
villagers_260.png,사라
villagers_261.png,피스
villagers_262.png,쟝
villagers_263.png,사탕
villagers_264.png,조르쥐
villagers_265.png,라자냐
villagers_266.png,브로콜리
villagers_267.png,핑
villagers_268.png,마르카
villagers_269.png,복자
villagers_27.png,딩요
villagers_270.png,찍순이
villagers_271.png,치즈
villagers_272.png,문복
villagers_273.png,문리나
villagers_274.png,탁호
villagers_275.png,택주
villagers_276.png,빅토리아
villagers_277.png,샌디
villagers_278.png,헤르츠
villagers_279.png,줄리아
villagers_28.png,파이프
villagers_280.png,타키
villagers_281.png,케인
villagers_282.png,신옥
villagers_283.png,플라라
villagers_284.png,휘니
villagers_287.png,아폴로
villagers_288.png,안데스
villagers_289.png,세바스찬
villagers_29.png,일섭
villagers_290.png,근엄
villagers_291.png,쿠스케처
villagers_292.png,헐크
villagers_293.png,은수리
villagers_294.png,프랭크
villagers_295.png,티파니
villagers_296.png,오로라
villagers_297.png,펭수
villagers_298.png,빙수
villagers_299.png,달만이
villagers_30.png,핑글이
villagers_300.png,사브리나
villagers_301.png,폴라
villagers_302.png,하키
villagers_303.png,호떡
villagers_304.png,팽기
villagers_305.png,김말이
villagers_306.png,볼트
villagers_307.png,레이라
villagers_308.png,크리미
villagers_309.png,햄까스
villagers_31.png,야곱
villagers_310.png,탱고
villagers_311.png,글레이
villagers_312.png,먹고파
villagers_313.png,루시
villagers_314.png,포크
villagers_315.png,박사
villagers_316.png,보리
villagers_317.png,마가렛
villagers_318.png,체리
villagers_319.png,꽃지
villagers_32.png,마스카라스
villagers_320.png,돈후앙
villagers_321.png,멧지
villagers_322.png,브리트니
villagers_323.png,아그네스
villagers_324.png,릴리안
villagers_325.png,서머
villagers_326.png,이요
villagers_327.png,닌토
villagers_328.png,대길
villagers_329.png,패티카
villagers_33.png,쪼끼
villagers_330.png,로타
villagers_331.png,바슬레
villagers_332.png,토시
villagers_333.png,루나
villagers_334.png,토니
villagers_335.png,비니거
villagers_336.png,프랑소와
villagers_337.png,크리스틴
villagers_338.png,홉킨스
villagers_339.png,산토스
villagers_34.png,문대
villagers_340.png,초코
villagers_341.png,미미
villagers_342.png,아마민
villagers_343.png,미랑
villagers_347.png,탱크
villagers_348.png,론다
villagers_349.png,스쿼트
villagers_35.png,춘섭
villagers_350.png,뿌람
villagers_351.png,스트로베리
villagers_352.png,뿔님이
villagers_353.png,메리어스
villagers_354.png,트로와
villagers_355.png,곱슬이
villagers_356.png,아크릴
villagers_357.png,캐시미어
villagers_358.png,마리
villagers_359.png,카를로스
villagers_36.png,반데스
villagers_360.png,눈송이
villagers_361.png,잔디
villagers_362.png,웬디
villagers_363.png,프릴
villagers_364.png,피엘
villagers_365.png,차둘
villagers_367.png,핑키
villagers_368.png,실루엣
villagers_369.png,리키
villagers_37.png,로데오
villagers_370.png,레베카
villagers_371.png,그리미
villagers_372.png,2호
villagers_373.png,캐롤라인
villagers_374.png,라라미
villagers_375.png,스파크
villagers_376.png,민트
villagers_377.png,갈가리
villagers_378.png,파슬리
villagers_379.png,나타샤
villagers_38.png,모리스
villagers_380.png,실바나
villagers_381.png,다람
villagers_382.png,크리스
villagers_383.png,쭈니
villagers_384.png,아이리스
villagers_386.png,호랭이
villagers_387.png,고메스
villagers_388.png,티볼트
villagers_389.png,루주
villagers_39.png,티본
villagers_390.png,범호
villagers_391.png,신디
villagers_392.png,백희
villagers_396.png,대장
villagers_397.png,늑태
villagers_398.png,로보
villagers_399.png,비앙카
villagers_40.png,철소
villagers_400.png,켄
villagers_401.png,산드라
villagers_402.png,시베리아
villagers_403.png,바네사
villagers_404.png,릴리
villagers_405.png,리카르도
villagers_406.png,모니카
villagers_41.png,노르망
villagers_42.png,히죽
villagers_43.png,마르
villagers_44.png,부케
villagers_45.png,올리비아
villagers_46.png,캐비어
villagers_47.png,백프로
villagers_48.png,빙티
villagers_49.png,타마
villagers_50.png,진상
villagers_51.png,가북희
villagers_52.png,1호
villagers_53.png,제인
villagers_54.png,호냥이
villagers_55.png,땀띠
villagers_56.png,쇼콜라
villagers_57.png,밴덤
villagers_58.png,유네찌
villagers_59.png,예링
villagers_60.png,사이다
villagers_61.png,클레오
villagers_62.png,찰스
villagers_63.png,쵸이
villagers_64.png,잭슨
villagers_65.png,글루민
villagers_66.png,메이첼
villagers_67.png,봉추
villagers_68.png,우띠
villagers_69.png,아이다호
villagers_70.png,패치
villagers_71.png,곰비
villagers_72.png,머피
villagers_73.png,올리브
villagers_74.png,아세로라
villagers_75.png,메이
villagers_76.png,재스민
villagers_77.png,팬타
villagers_78.png,곰시
villagers_79.png,아네사
villagers_80.png,미애
villagers_81.png,건태
villagers_82.png,페니실린
villagers_83.png,김희
villagers_84.png,에바
villagers_85.png,아리아
villagers_86.png,파타야
villagers_87.png,금끼오
villagers_88.png,히킨
villagers_89.png,오골
villagers_91.png,밀크
villagers_92.png,마틸다
villagers_93.png,미자
villagers_94.png,화자
villagers_95.png,알베르트
villagers_96.png,크로크
villagers_97.png,풍작
villagers_98.png,파도맨
villagers_99.png,하이드
